Type;Res;Electrostatic_AE;vdw_AE;solv_AE;total
Normal; All ; -2.3990267908564156 ; -86.33619619342456 ; -517.4323980000004 ; -606.1676209842814
AlaScan; SER -2.735993031880261 ; -86.25241612215858 ; -515.6706020000004 ; -604.6590111540391
AlaScan; GLN -2.864522297253315 ; -86.87586048453461 ; -515.6242940000003 ; -605.3646767817883
AlaScan; THR -2.3051914173623937 ; -83.1486856997564 ; -516.6632250000004 ; -602.1171021171191
AlaScan; PHE -2.3458984239151497 ; -84.97197416058079 ; -518.0314650000004 ; -605.3493375844963
AlaScan; ASP -3.791277290803039 ; -83.83351981559619 ; -515.6772500000004 ; -603.3020471063996
AlaScan; LYS -3.3990080808329908 ; -81.3221459470715 ; -515.2256220000004 ; -599.9467760279049
AlaScan; HIE -2.3105349432318127 ; -85.81224631350048 ; -515.7332260000004 ; -603.8560072567327
AlaScan; GLU -2.4371627168364536 ; -86.13987821239157 ; -515.5989130000004 ; -604.1759539292284
AlaScan; GLU -1.949940249168194 ; -84.23749925581986 ; -516.5270000000004 ; -602.7144395049884
AlaScan; ASP -2.6643642690509615 ; -84.839048466126 ; -516.5413660000004 ; -604.0447787351774
AlaScan; TYR -2.2329275915407965 ; -81.0665961064411 ; -517.4323980000004 ; -600.7319216979822
AlaScan; GLN -2.7169705352736844 ; -83.95981070625301 ; -515.9834870000003 ; -602.660268241527
AlaScan; LEU -2.445723483948035 ; -84.69994078081628 ; -517.8906970000004 ; -605.0363612647647
AlaScan; LEU -2.403555989450688 ; -85.04001060908402 ; -518.1259550000004 ; -605.5695215985352
AlaScan; MET -2.394474620463751 ; -84.8556422806539 ; -518.9156310000004 ; -606.165747901118
AlaScan; TYR -2.118911876834103 ; -82.91954623218386 ; -517.6768560000004 ; -602.7153141090183
AlaScan; ASN -2.4958493956545857 ; -84.58770536683183 ; -516.6342990000004 ; -603.7178537624868
AlaScan; LYS -3.1085559070555813 ; -80.4134868382032 ; -516.7555670000004 ; -600.2776097452592
AlaScan; GLY -2.3990267908564156 ; -86.33619619342456 ; -517.4323980000004 ; -606.1676209842814
AlaScan; ASP -1.81880647202266 ; -84.4588080936956 ; -517.3961730000004 ; -603.6737875657186
AlaScan; ARG -2.7397942954322647 ; -84.9143204206649 ; -516.9293430000004 ; -604.5834577160975
AlaScan; ARG -2.81081359439495 ; -85.65406134082316 ; -516.4241890000004 ; -604.8890639352185
