Type;Res;Electrostatic_AE;vdw_AE;solv_AE;total
Normal; All ; -2.3990267908564156 ; -86.33619619342456 ; -517.4323980000004 ; -606.1676209842814
AlaScan; GLN -2.4531315585072986 ; -88.51141029762962 ; -516.8608690000003 ; -607.8254108561373
AlaScan; THR -2.284880953945023 ; -91.66770627805067 ; -516.9659860000004 ; -610.9185732319961
AlaScan; PHE -2.270375674444695 ; -93.57719816300667 ; -516.8399040000004 ; -612.6874778374518
AlaScan; ASP -2.3259042329981523 ; -92.4535830530964 ; -512.6838210000003 ; -607.4633082860948
AlaScan; LYS -2.300304724008663 ; -95.62490674044207 ; -513.3696760000004 ; -611.2948874644511
AlaScan; HIE -2.3190823724697007 ; -97.67993396661171 ; -507.8161030000003 ; -607.8151193390817
AlaScan; GLU -2.3550371280188913 ; -98.37794847886157 ; -508.2829900000003 ; -609.0159756068808
AlaScan; GLU -2.124178938052868 ; -98.87559598922708 ; -504.60246200000034 ; -605.6022369272803
AlaScan; ASP -1.7940490427782105 ; -99.95190204708643 ; -499.75916200000034 ; -601.505113089865
AlaScan; TYR -1.7830453058696043 ; -100.56687641354162 ; -495.31537900000006 ; -597.6653007194113
AlaScan; GLN -1.7777047001190747 ; -101.02580095553095 ; -493.25302500000004 ; -596.05653065565
AlaScan; LEU -1.7658841199282493 ; -101.8602001282786 ; -488.8999250000001 ; -592.526009248207
AlaScan; MET -1.7567732696126486 ; -101.81843236724684 ; -488.829809 ; -592.4050146368595
AlaScan; TYR -1.7587623956956477 ; -102.13830898492012 ; -485.9349250000001 ; -589.8319963806158
AlaScan; ASN -1.7616019936852 ; -102.47766939086692 ; -490.02286900000007 ; -594.2621403845521
AlaScan; LYS -1.2833847359610273 ; -107.36268174955795 ; -490.25251700000007 ; -598.898583485519
AlaScan; GLY -1.2655284462706538 ; -110.84746539338124 ; -490.54548800000003 ; -602.6584818396519
AlaScan; ASP -1.288861589052645 ; -113.2178575132819 ; -490.48886 ; -604.9955791023345
AlaScan; ARG -1.273016731237991 ; -113.27356884219404 ; -490.48886 ; -605.0354455734321
AlaScan; ARG -1.2628872376860374 ; -113.30321039308434 ; -490.790361 ; -605.3564586307704
