Type;Res;Electrostatic_AE;vdw_AE;solv_AE;total
Normal; All ; -2.3990267908564156 ; -86.33619619342456 ; -517.432398000001 ; -606.1676209842819
AlaScan; GLN -2.864522297253315 ; -86.87586048453461 ; -515.6242940000009 ; -605.3646767817888
AlaScan; THR -2.3051914173623937 ; -83.1486856997564 ; -516.6632250000009 ; -602.1171021171197
AlaScan; PHE -2.3458984239151497 ; -84.97197416058079 ; -518.0314650000009 ; -605.3493375844969
AlaScan; ASP -3.791277290803039 ; -83.83351981559619 ; -515.677250000001 ; -603.3020471064002
AlaScan; LYS -3.3990080808329908 ; -81.3221459470715 ; -515.2256220000008 ; -599.9467760279053
AlaScan; HIE -2.3105349432318127 ; -85.81224631350048 ; -515.733226000001 ; -603.8560072567333
AlaScan; GLU -2.4371627168364536 ; -86.13987821239157 ; -515.598913000001 ; -604.175953929229
AlaScan; GLU -1.949940249168194 ; -84.23749925581986 ; -516.527000000001 ; -602.7144395049891
AlaScan; ASP -2.6643642690509615 ; -84.839048466126 ; -516.541366000001 ; -604.0447787351779
AlaScan; TYR -2.2329275915407965 ; -81.0665961064411 ; -517.432398000001 ; -600.7319216979829
AlaScan; GLN -2.7169705352736844 ; -83.95981070625301 ; -515.9834870000009 ; -602.6602682415275
AlaScan; LEU -2.403555989450688 ; -85.04001060908402 ; -518.125955000001 ; -605.5695215985357
AlaScan; MET -2.394474620463751 ; -84.8556422806539 ; -518.915631000001 ; -606.1657479011186
AlaScan; TYR -2.118911876834103 ; -82.91954623218386 ; -517.676856000001 ; -602.7153141090189
AlaScan; ASN -2.4958493956545857 ; -84.58770536683183 ; -516.634299000001 ; -603.7178537624874
AlaScan; LYS -3.1085559070555813 ; -80.4134868382032 ; -517.1682650000009 ; -600.6903077452597
AlaScan; GLY -2.3990267908564156 ; -86.33619619342456 ; -512.2655800000003 ; -601.0008029842813
AlaScan; ASP -1.81880647202266 ; -84.4588080936956 ; -515.952196000001 ; -602.2298105657193
AlaScan; ARG -2.7397942954322647 ; -84.9143204206649 ; -512.2396760000004 ; -599.8937907160976
AlaScan; ARG -2.81081359439495 ; -85.65406134082316 ; -516.253979000001 ; -604.718853935219
