Type;Res;Electrostatic_AE;vdw_AE;solv_AE;total
Normal; All ; -2.3990267908564156 ; -86.33619619342456 ; -517.432398000001 ; -606.1676209842819
AlaScan; LYS -3.1085559070555813 ; -80.4134868382032 ; -517.1682650000009 ; -600.6903077452597
